/*
项目中使用的数据库信息如下:
数据库地址：219.231.164.41
数据库端口：3306
数据库名称：g337347_db
数据库用户：user_g337347
数据库密码：123456

 Navicat Premium Data Transfer

 Source Server         : 219.231.164.41_3306
 Source Server Type    : MySQL
 Source Server Version : 50648 (5.6.48)
 Source Host           : 219.231.164.41:3306
 Source Schema         : g337347_db

 Target Server Type    : MySQL
 Target Server Version : 50648 (5.6.48)
 File Encoding         : 65001

 Date: 20/11/2024 14:39:50
*/

SET NAMES utf8mb4;
SET FOREIGN_KEY_CHECKS = 0;

-- ----------------------------
-- Table structure for bug_buglog
-- ----------------------------
DROP TABLE IF EXISTS `bug_buglog`;
CREATE TABLE `bug_buglog`  (
  `buglogid` varchar(32) CHARACTER SET utf8 COLLATE utf8_general_ci NOT NULL COMMENT '【处理编号】 主键，流水号',
  `bugid` varchar(32) CHARACTER SET utf8 COLLATE utf8_general_ci NOT NULL COMMENT '【Bug编号】 外键，关联BUG_Bugs表BugId',
  `logtype` varchar(2) CHARACTER SET utf8 COLLATE utf8_general_ci NOT NULL COMMENT '【操作类型】 BZ:写备注 BJ:编辑问题GB:关闭问题 JJ:解决问题 DK:打开问题',
  `oldstatus` int(1) NOT NULL COMMENT '【处理前Bug状态】 -1:已关闭 0:已解决 1:开放中',
  `newstatus` int(1) NOT NULL COMMENT '【处理后Bug状态】 -1:已关闭 0:已解决 1:开放中',
  `fixway` int(1) NULL DEFAULT NULL COMMENT '【解决形式】 1:解决 2:不是错误 3:错误重复 4:无法重现',
  `remark` text CHARACTER SET utf8 COLLATE utf8_general_ci NULL COMMENT '【处理说明】',
  `buglogdate` timestamp NOT NULL DEFAULT '0000-00-00 00:00:00' COMMENT '【处理日期】',
  `userid` varchar(32) CHARACTER SET utf8 COLLATE utf8_general_ci NOT NULL COMMENT '【操作用户名】',
  PRIMARY KEY (`buglogid`) USING BTREE,
  INDEX `fk_bug_buglog_bugid`(`bugid`) USING BTREE,
  CONSTRAINT `fk_bug_buglog_bugid` FOREIGN KEY (`bugid`) REFERENCES `bug_bugs` (`bugid`) ON DELETE RESTRICT ON UPDATE RESTRICT
) ENGINE = InnoDB CHARACTER SET = utf8 COLLATE = utf8_general_ci COMMENT = '问题处理记录表' ROW_FORMAT = COMPACT;

-- ----------------------------
-- Records of bug_buglog
-- ----------------------------
INSERT INTO `bug_buglog` VALUES ('0292252E491C4C1FA7657B6373001178', '366E71B3E08A41698EF2FA47F1E85046', 'BJ', 1, 1, NULL, '【项目管理-项目列表】查询出现错误 进行编辑', '2016-08-08 15:46:17', '1');
INSERT INTO `bug_buglog` VALUES ('0967FBFCD5644350AFFC9809F5EEBFB4', '366E71B3E08A41698EF2FA47F1E85046', 'DK', -1, 1, NULL, '重新开启了', '2016-08-08 15:47:32', '1');
INSERT INTO `bug_buglog` VALUES ('22FC1160406C4147AE4D01017AE1D880', '366E71B3E08A41698EF2FA47F1E85046', 'BZ', 0, 0, NULL, '【项目管理-项目列表】查询出现错误 备注 解决验证通过', '2016-08-08 15:46:58', '1');
INSERT INTO `bug_buglog` VALUES ('23164FCAF4D8474AAE46BDF17AE7E911', '4903219053454E3487E5FA082622DA2E', 'GB', 0, -1, NULL, 'bug已解决完毕', '2016-09-13 16:38:51', '1');
INSERT INTO `bug_buglog` VALUES ('26979EBFA55A483EA293866E73D17EE7', '4903219053454E3487E5FA082622DA2E', 'BJ', 1, 1, NULL, '修改', '2016-09-13 16:37:53', '1');
INSERT INTO `bug_buglog` VALUES ('29324ABDE3044014AB8853828C13F51B', 'BE3A5AF274AA4A6982A9E85ECD8C5180', 'BZ', 1, 1, NULL, '备注', '2016-08-09 10:59:30', '1');
INSERT INTO `bug_buglog` VALUES ('2EBA03A019BC463CA146352AB374D559', '4903219053454E3487E5FA082622DA2E', 'BJ', 1, 1, NULL, '客户添加不进去', '2016-08-09 11:09:48', '1');
INSERT INTO `bug_buglog` VALUES ('2EF22F7CBFBC45D6B68CAFCA16A4E93C', '366E71B3E08A41698EF2FA47F1E85046', 'JJ', 1, 0, 1, '【项目管理-项目列表】查询出现错误 已解决', '2016-08-08 15:46:40', '1');
INSERT INTO `bug_buglog` VALUES ('34148767DEDC4D1190CF341D99E3FBB0', '213A05B68092418183D13121F83F3C9A', 'DK', -1, 1, NULL, '的', '2016-09-06 12:06:32', '1');
INSERT INTO `bug_buglog` VALUES ('34B958CC975940F8A9411931E6FDFE6B', 'BE3A5AF274AA4A6982A9E85ECD8C5180', 'JJ', 0, 0, 2, '', '2016-08-09 11:00:02', '1');
INSERT INTO `bug_buglog` VALUES ('3D74A45CC6664F05B6B091DCCA484843', '4903219053454E3487E5FA082622DA2E', 'BZ', 0, 0, NULL, '可以关闭了', '2016-08-09 11:11:01', '1');
INSERT INTO `bug_buglog` VALUES ('457047264FD542D489A47D01610AC5DB', '213A05B68092418183D13121F83F3C9A', 'BJ', 1, 1, NULL, '打分', '2016-09-06 12:06:11', '1');
INSERT INTO `bug_buglog` VALUES ('4E32B82263EC4C9BBB0A3FEDCB06F9CC', '4903219053454E3487E5FA082622DA2E', 'BZ', 1, 1, NULL, '已查看', '2016-09-13 16:38:10', '1');
INSERT INTO `bug_buglog` VALUES ('57BE66640A874B919C1A7CFF78D8ABE1', '4903219053454E3487E5FA082622DA2E', 'JJ', 1, 0, 4, '已解决', '2016-09-13 16:38:22', '1');
INSERT INTO `bug_buglog` VALUES ('5873D9C3BB27492BAF9D7F7A0B015630', '9FD88A97C1D741F0A9EAB1E9296F7DCF', 'JJ', 1, 0, 4, '已解决', '2016-08-08 15:48:13', '1');
INSERT INTO `bug_buglog` VALUES ('6AAF687D78E04BD2AF110339879EC777', '366E71B3E08A41698EF2FA47F1E85046', 'JJ', 1, 0, 2, '【表情】', '2016-09-06 12:06:56', '1');
INSERT INTO `bug_buglog` VALUES ('7F5DF01253154AC68F241D61724E77E5', 'F595224A8C7243AD95EE41E9AD173B46', 'BZ', 0, 0, NULL, '验证通过', '2016-09-14 09:04:17', '1');
INSERT INTO `bug_buglog` VALUES ('8EB6B9950E5D41DBA0FD9561269257BF', '4903219053454E3487E5FA082622DA2E', 'JJ', 1, 0, 4, '目前添加好用', '2016-08-09 11:10:20', '1');
INSERT INTO `bug_buglog` VALUES ('916FB700684C4597B1415A093385765B', '4903219053454E3487E5FA082622DA2E', 'DK', -1, 1, NULL, '还需要处理', '2016-09-13 16:39:10', '1');
INSERT INTO `bug_buglog` VALUES ('94606001909A44D09AB3172BB114ECF3', '366E71B3E08A41698EF2FA47F1E85046', 'GB', 1, -1, NULL, '没问题  可以关闭', '2016-08-08 15:47:53', '1');
INSERT INTO `bug_buglog` VALUES ('A349AACB2289401E8B9A7F12E662CD3A', '213A05B68092418183D13121F83F3C9A', 'GB', 1, -1, NULL, '放大', '2016-09-06 12:06:23', '1');
INSERT INTO `bug_buglog` VALUES ('B70CBAC7D71B4F59A413BD2E8206443E', '4903219053454E3487E5FA082622DA2E', 'DK', -1, 1, NULL, '', '2016-08-09 11:11:25', '1');
INSERT INTO `bug_buglog` VALUES ('B9D0CFDE566845D397C15D9CA1F35C55', 'F595224A8C7243AD95EE41E9AD173B46', 'JJ', 1, 0, 1, '已解决', '2016-09-14 09:03:04', '1');
INSERT INTO `bug_buglog` VALUES ('C406139886A14F4D944AF9C03122A9A2', '366E71B3E08A41698EF2FA47F1E85046', 'DK', -1, 1, NULL, '打分 ', '2016-09-06 12:06:39', '1');
INSERT INTO `bug_buglog` VALUES ('C970DE3BAB1741ED8296ADB1DCCF7889', '4903219053454E3487E5FA082622DA2E', 'GB', 0, -1, NULL, 'bug已解决 关闭', '2016-08-09 11:11:17', '1');
INSERT INTO `bug_buglog` VALUES ('D3AE1474627E47599F4E3A2A004E9F09', '4903219053454E3487E5FA082622DA2E', 'BZ', 0, 0, NULL, '已解决', '2016-08-09 11:10:34', '1');
INSERT INTO `bug_buglog` VALUES ('E2F8EEAAC9EE4538AEBDBE48B0F7E36A', '366E71B3E08A41698EF2FA47F1E85046', 'GB', 0, -1, NULL, '关闭', '2016-08-08 15:47:25', '1');
INSERT INTO `bug_buglog` VALUES ('F46AC1FABC734697ABA925E2334B778E', 'BE3A5AF274AA4A6982A9E85ECD8C5180', 'JJ', 1, 0, 1, '', '2016-08-09 10:59:55', '1');

-- ----------------------------
-- Table structure for bug_bugs
-- ----------------------------
DROP TABLE IF EXISTS `bug_bugs`;
CREATE TABLE `bug_bugs`  (
  `bugid` varchar(32) CHARACTER SET utf8 COLLATE utf8_general_ci NOT NULL COMMENT '【Bug编号】 主键，流水号',
  `prjid` varchar(32) CHARACTER SET utf8 COLLATE utf8_general_ci NOT NULL COMMENT '【项目编号】 外键，关联BUG_Projects表PrjId',
  `funcid` varchar(32) CHARACTER SET utf8 COLLATE utf8_general_ci NOT NULL COMMENT '【功能编号】 外键，关联BUG_PrjModFunc表FuncId',
  `bugtitle` text CHARACTER SET utf8 COLLATE utf8_general_ci NOT NULL COMMENT '【Bug标题】',
  `bugdetail` text CHARACTER SET utf8 COLLATE utf8_general_ci NULL COMMENT '【Bug详情】',
  `buglevel` int(1) NOT NULL COMMENT '【Bug等级】 1:轻微 2:次要 3:一般 4:紧急 5:严重',
  `builddate` timestamp NOT NULL DEFAULT '0000-00-00 00:00:00' COMMENT '【创建日期】',
  `editdate` timestamp NULL DEFAULT NULL COMMENT '【最后处理日期】 每次处理操作后均记录',
  `fromuser` varchar(32) CHARACTER SET utf8 COLLATE utf8_general_ci NOT NULL COMMENT '【提交人名】',
  `status` int(1) NOT NULL COMMENT '【Bug状态】 -1:已关闭 0:已解决 1:开放中',
  `fixway` int(1) NULL DEFAULT NULL COMMENT '【解决形式】 1:解决 2:不是错误 3:错误重复 4:无法重现',
  PRIMARY KEY (`bugid`) USING BTREE,
  INDEX `fk_bug_bugs_funcid`(`funcid`) USING BTREE,
  INDEX `fk_bug_bugs_prjid`(`prjid`) USING BTREE,
  CONSTRAINT `fk_bug_bugs_funcid` FOREIGN KEY (`funcid`) REFERENCES `bug_prjmodfunc` (`funcid`) ON DELETE RESTRICT ON UPDATE RESTRICT,
  CONSTRAINT `fk_bug_bugs_prjid` FOREIGN KEY (`prjid`) REFERENCES `bug_projects` (`prjid`) ON DELETE RESTRICT ON UPDATE RESTRICT
) ENGINE = InnoDB CHARACTER SET = utf8 COLLATE = utf8_general_ci COMMENT = '测试Bug信息表' ROW_FORMAT = COMPACT;

-- ----------------------------
-- Records of bug_bugs
-- ----------------------------
INSERT INTO `bug_bugs` VALUES ('120764D34B78486C82E6060C66406FB4', '63B00A8DB7CD411D849D2A33B276EF3F', '98B51DDE7A6A4A68975C4CEEA005C6F4', '主题修改后，建议返回主题信息页', '主题修改后返回列表页，建议返回主题信息页', 3, '2016-09-13 16:52:30', NULL, '9C9F09EF62A5497A91B11D495D6B708A', 1, NULL);
INSERT INTO `bug_bugs` VALUES ('213A05B68092418183D13121F83F3C9A', '11', '32342B8700BB49E5AE858C2AC9000B3A', '【项目管理-项目添加】文本框未对齐', '反对方身份', 1, '2016-08-08 15:44:52', '2016-09-06 12:06:32', '1', 1, NULL);
INSERT INTO `bug_bugs` VALUES ('366E71B3E08A41698EF2FA47F1E85046', '11', '2B63D30295A646B0A09BDAD5DBB8396D', '【项目管理-项目列表】查询出现错误', '【项目管理-项目列表】查询出现错误', 5, '2016-08-08 15:44:17', '2016-09-06 12:06:56', '1', 0, 2);
INSERT INTO `bug_bugs` VALUES ('4903219053454E3487E5FA082622DA2E', '9285E33B76B5406EB0142DFFDBB6DEE7', 'DE94D3F8116049C298CEDB775F31F52E', '客户添加不进去', '客户添加不进去', 4, '2016-08-09 11:09:33', '2016-09-13 16:39:10', '1', 1, 4);
INSERT INTO `bug_bugs` VALUES ('5B6CBBF4FB0E4FC399CE7D5D9B2A9043', '63B00A8DB7CD411D849D2A33B276EF3F', '98B51DDE7A6A4A68975C4CEEA005C6F4', '主题的注册日期有换行', '主题的注册日期有换行', 3, '2016-09-13 16:53:10', NULL, '9C9F09EF62A5497A91B11D495D6B708A', 1, NULL);
INSERT INTO `bug_bugs` VALUES ('9FD88A97C1D741F0A9EAB1E9296F7DCF', '11', '96004780D68849899FD300377C7D48A5', '【bug管理-bug添加】没有校验', '', 3, '2016-08-08 15:45:58', '2016-08-08 15:48:13', '1', 0, 4);
INSERT INTO `bug_bugs` VALUES ('BE3A5AF274AA4A6982A9E85ECD8C5180', '10', '0CF68787A5B54308840EE05D1061F677', '【首页-导航栏】没有对齐', '', 1, '2016-08-08 15:43:34', '2016-08-09 11:00:02', '1', 0, 2);
INSERT INTO `bug_bugs` VALUES ('C3D59CD0746F4EA79DF00EB07B11CA03', '63B00A8DB7CD411D849D2A33B276EF3F', 'CF3524282B6E49B9822AB4CDEA9D1B30', '【首页】分页信息换行', '共0条 记录0页 1    页字换行了', 3, '2016-09-13 16:24:02', NULL, 'DF7BAE8153DC4BA7A966E2439E399E6F', 1, NULL);
INSERT INTO `bug_bugs` VALUES ('E3367FEDD719436A91A85E2E94AABA67', '63B00A8DB7CD411D849D2A33B276EF3F', '98B51DDE7A6A4A68975C4CEEA005C6F4', '添加校验的提示信息跑偏', '', 3, '2016-09-13 16:47:18', NULL, '1', 1, NULL);
INSERT INTO `bug_bugs` VALUES ('EC9A4BFF1F2343CC8EC44ADE6F73165F', '63B00A8DB7CD411D849D2A33B276EF3F', '4B023369623642AD918274E3CEF541EC', '【注册】测试用例有错误', '', 3, '2016-09-13 16:36:53', NULL, '1', 1, NULL);
INSERT INTO `bug_bugs` VALUES ('F595224A8C7243AD95EE41E9AD173B46', 'DB53E5A7C4C34109978F323E15B6AB1F', 'BE84536DB2FC41638E3795EC64296E0F', '登录没有空校验', '', 1, '2016-09-14 09:02:45', '2016-09-14 09:03:04', '1', 0, 1);

-- ----------------------------
-- Table structure for bug_prjmod
-- ----------------------------
DROP TABLE IF EXISTS `bug_prjmod`;
CREATE TABLE `bug_prjmod`  (
  `modid` varchar(32) CHARACTER SET utf8 COLLATE utf8_general_ci NOT NULL COMMENT '【模块编号】 主键，流水号',
  `modname` text CHARACTER SET utf8 COLLATE utf8_general_ci NOT NULL COMMENT '【模块名称】',
  `prjid` varchar(32) CHARACTER SET utf8 COLLATE utf8_general_ci NOT NULL COMMENT '【所属项目编号】 外键，关联BUG_Projects表PrjId',
  PRIMARY KEY (`modid`) USING BTREE,
  INDEX `fk_bug_prjmod_prjid`(`prjid`) USING BTREE,
  CONSTRAINT `fk_bug_prjmod_prjid` FOREIGN KEY (`prjid`) REFERENCES `bug_projects` (`prjid`) ON DELETE RESTRICT ON UPDATE RESTRICT
) ENGINE = InnoDB CHARACTER SET = utf8 COLLATE = utf8_general_ci COMMENT = '项目模块表' ROW_FORMAT = COMPACT;

-- ----------------------------
-- Records of bug_prjmod
-- ----------------------------
INSERT INTO `bug_prjmod` VALUES ('12FB9AA1A5134C5BA5748EF7A098F1A4', '个人中心', '63B00A8DB7CD411D849D2A33B276EF3F');
INSERT INTO `bug_prjmod` VALUES ('1610D0ED41B54C59A6A3F58AF5BCB4F3', '首页', '63B00A8DB7CD411D849D2A33B276EF3F');
INSERT INTO `bug_prjmod` VALUES ('23479D7AFED24A77B816700D73A94558', '首页', '10');
INSERT INTO `bug_prjmod` VALUES ('53DFDDF54ED84FEE9ABA2DA11CFEA612', '项目管理', '11');
INSERT INTO `bug_prjmod` VALUES ('6BBA9BB983D74355A8F65D1D7A373707', 'bug管理', '11');
INSERT INTO `bug_prjmod` VALUES ('71D71E065EB44581AF033D98945E69AA', '首页', 'DB53E5A7C4C34109978F323E15B6AB1F');
INSERT INTO `bug_prjmod` VALUES ('7DF9D55CF31E458994403D4C5DE16158', '用户管理', '9285E33B76B5406EB0142DFFDBB6DEE7');
INSERT INTO `bug_prjmod` VALUES ('ABABB65F48C54524A0B05AE435E0EF5F', '登录', '10');
INSERT INTO `bug_prjmod` VALUES ('AEE4A72FEFAC4A8897310FB495F94D4C', '客户管理', '9285E33B76B5406EB0142DFFDBB6DEE7');
INSERT INTO `bug_prjmod` VALUES ('B945024E227D4642ABB7337B940BB61C', '用户管理', '9');
INSERT INTO `bug_prjmod` VALUES ('C8CDB73B26B542849BD47B9C796F6821', '用户管理', 'E4D81C769A81436D984AE24AAAFDB2A9');

-- ----------------------------
-- Table structure for bug_prjmodfunc
-- ----------------------------
DROP TABLE IF EXISTS `bug_prjmodfunc`;
CREATE TABLE `bug_prjmodfunc`  (
  `funcid` varchar(32) CHARACTER SET utf8 COLLATE utf8_general_ci NOT NULL COMMENT '【功能编号】 主键，流水号',
  `funcname` text CHARACTER SET utf8 COLLATE utf8_general_ci NOT NULL COMMENT '【功能名称】',
  `modid` varchar(32) CHARACTER SET utf8 COLLATE utf8_general_ci NOT NULL COMMENT '【所属模块编号】 外键，关联BUG_PrjMod表ModId',
  `prjid` varchar(32) CHARACTER SET utf8 COLLATE utf8_general_ci NOT NULL COMMENT '【所属项目编号】 外键，关联BUG_Projects表PrjId',
  `devdays` decimal(3, 0) NOT NULL COMMENT '【预计开发天数】',
  `userid` varchar(32) CHARACTER SET utf8 COLLATE utf8_general_ci NULL DEFAULT NULL COMMENT '【负责用户ID】 外键，关联BUG_Users表UserID',
  PRIMARY KEY (`funcid`) USING BTREE,
  INDEX `fk_bug_prjmodfunc_modid`(`modid`) USING BTREE,
  INDEX `fk_bug_prjmodfunc_prjid`(`prjid`) USING BTREE,
  INDEX `fk_bug_prjmodfunc_userid`(`userid`) USING BTREE,
  CONSTRAINT `fk_bug_prjmodfunc_modid` FOREIGN KEY (`modid`) REFERENCES `bug_prjmod` (`modid`) ON DELETE RESTRICT ON UPDATE RESTRICT,
  CONSTRAINT `fk_bug_prjmodfunc_prjid` FOREIGN KEY (`prjid`) REFERENCES `bug_projects` (`prjid`) ON DELETE RESTRICT ON UPDATE RESTRICT,
  CONSTRAINT `fk_bug_prjmodfunc_userid` FOREIGN KEY (`userid`) REFERENCES `bug_users` (`userid`) ON DELETE RESTRICT ON UPDATE RESTRICT
) ENGINE = InnoDB CHARACTER SET = utf8 COLLATE = utf8_general_ci COMMENT = '模块功能表' ROW_FORMAT = COMPACT;

-- ----------------------------
-- Records of bug_prjmodfunc
-- ----------------------------
INSERT INTO `bug_prjmodfunc` VALUES ('0CA0FAD48E3942B1892FAE9680490495', '客户删除', 'AEE4A72FEFAC4A8897310FB495F94D4C', '9285E33B76B5406EB0142DFFDBB6DEE7', 1, '4C8C480380AA465C9A280B44A1392D47');
INSERT INTO `bug_prjmodfunc` VALUES ('0CF68787A5B54308840EE05D1061F677', '导航栏', '23479D7AFED24A77B816700D73A94558', '10', 1, 'F83D2BFE2F6843D2A1BE1D4E1326CA70');
INSERT INTO `bug_prjmodfunc` VALUES ('2B63D30295A646B0A09BDAD5DBB8396D', '项目列表', '53DFDDF54ED84FEE9ABA2DA11CFEA612', '11', 2, '2');
INSERT INTO `bug_prjmodfunc` VALUES ('2B736DB9F4384601A2A5EE73B38D7104', '我的话题', '12FB9AA1A5134C5BA5748EF7A098F1A4', '63B00A8DB7CD411D849D2A33B276EF3F', 3, 'C07ADD0E08E849BDBA8547F4B4623E27');
INSERT INTO `bug_prjmodfunc` VALUES ('32342B8700BB49E5AE858C2AC9000B3A', '项目添加', '53DFDDF54ED84FEE9ABA2DA11CFEA612', '11', 2, '3');
INSERT INTO `bug_prjmodfunc` VALUES ('40473C07071847D49E7107A89316390B', '用户添加', 'C8CDB73B26B542849BD47B9C796F6821', 'E4D81C769A81436D984AE24AAAFDB2A9', 1, '9C9F09EF62A5497A91B11D495D6B708A');
INSERT INTO `bug_prjmodfunc` VALUES ('4B023369623642AD918274E3CEF541EC', '注册', '1610D0ED41B54C59A6A3F58AF5BCB4F3', '63B00A8DB7CD411D849D2A33B276EF3F', 4, 'C07ADD0E08E849BDBA8547F4B4623E27');
INSERT INTO `bug_prjmodfunc` VALUES ('4EAC9C92808B48DAB6A481E0FAD017E0', '登录', 'ABABB65F48C54524A0B05AE435E0EF5F', '10', 4, NULL);
INSERT INTO `bug_prjmodfunc` VALUES ('5CBB855AC1AA4701936CA5B9E2684B46', '首页', '71D71E065EB44581AF033D98945E69AA', 'DB53E5A7C4C34109978F323E15B6AB1F', 5, 'C07ADD0E08E849BDBA8547F4B4623E27');
INSERT INTO `bug_prjmodfunc` VALUES ('668EE778FC524EE3AA24314892F9C06F', '用户修改', 'C8CDB73B26B542849BD47B9C796F6821', 'E4D81C769A81436D984AE24AAAFDB2A9', 2, 'C07ADD0E08E849BDBA8547F4B4623E27');
INSERT INTO `bug_prjmodfunc` VALUES ('787E021D17934C4F8127893F08031966', '编辑个人资料', '12FB9AA1A5134C5BA5748EF7A098F1A4', '63B00A8DB7CD411D849D2A33B276EF3F', 2, 'DF7BAE8153DC4BA7A966E2439E399E6F');
INSERT INTO `bug_prjmodfunc` VALUES ('7E154A02D9354481B17FA21B07D91B5B', '用户删除', 'B945024E227D4642ABB7337B940BB61C', '9', 2, 'F83D2BFE2F6843D2A1BE1D4E1326CA70');
INSERT INTO `bug_prjmodfunc` VALUES ('89953FF835A742F3981EBC616839B0DC', '用户添加', '7DF9D55CF31E458994403D4C5DE16158', '9285E33B76B5406EB0142DFFDBB6DEE7', 3, '2');
INSERT INTO `bug_prjmodfunc` VALUES ('91A2C12A737447948F0D0E18A0A2C954', '我的收藏', '12FB9AA1A5134C5BA5748EF7A098F1A4', '63B00A8DB7CD411D849D2A33B276EF3F', 5, 'DF7BAE8153DC4BA7A966E2439E399E6F');
INSERT INTO `bug_prjmodfunc` VALUES ('96004780D68849899FD300377C7D48A5', 'bug添加', '6BBA9BB983D74355A8F65D1D7A373707', '11', 2, 'C07ADD0E08E849BDBA8547F4B4623E27');
INSERT INTO `bug_prjmodfunc` VALUES ('98B51DDE7A6A4A68975C4CEEA005C6F4', '首页', '1610D0ED41B54C59A6A3F58AF5BCB4F3', '63B00A8DB7CD411D849D2A33B276EF3F', 12, 'DF7BAE8153DC4BA7A966E2439E399E6F');
INSERT INTO `bug_prjmodfunc` VALUES ('BE84536DB2FC41638E3795EC64296E0F', '登录', '71D71E065EB44581AF033D98945E69AA', 'DB53E5A7C4C34109978F323E15B6AB1F', 4, 'DF7BAE8153DC4BA7A966E2439E399E6F');
INSERT INTO `bug_prjmodfunc` VALUES ('BEE0E8D1EF8A4DBABA1DC95747502F9B', '用户修改', 'B945024E227D4642ABB7337B940BB61C', '9', 2, '2');
INSERT INTO `bug_prjmodfunc` VALUES ('CAAECBB9482D4964AE0D3CB905DD561D', 'bug解决', '6BBA9BB983D74355A8F65D1D7A373707', '11', 2, 'C07ADD0E08E849BDBA8547F4B4623E27');
INSERT INTO `bug_prjmodfunc` VALUES ('CF3524282B6E49B9822AB4CDEA9D1B30', '登录', '1610D0ED41B54C59A6A3F58AF5BCB4F3', '63B00A8DB7CD411D849D2A33B276EF3F', 2, 'F83D2BFE2F6843D2A1BE1D4E1326CA70');
INSERT INTO `bug_prjmodfunc` VALUES ('DE94D3F8116049C298CEDB775F31F52E', '客户添加', 'AEE4A72FEFAC4A8897310FB495F94D4C', '9285E33B76B5406EB0142DFFDBB6DEE7', 2, 'F83D2BFE2F6843D2A1BE1D4E1326CA70');
INSERT INTO `bug_prjmodfunc` VALUES ('E3C54414D6FC4048A970A4127C2B2D74', '用户停用', '7DF9D55CF31E458994403D4C5DE16158', '9285E33B76B5406EB0142DFFDBB6DEE7', 1, '3');
INSERT INTO `bug_prjmodfunc` VALUES ('EF35CA56C99C42DB9EA48D865D23D914', '用户添加', 'B945024E227D4642ABB7337B940BB61C', '9', 2, '3');
INSERT INTO `bug_prjmodfunc` VALUES ('F56DA8A70C2C4F7EA5F14FD486D24E92', '广告栏', '23479D7AFED24A77B816700D73A94558', '10', 1, 'F83D2BFE2F6843D2A1BE1D4E1326CA70');

-- ----------------------------
-- Table structure for bug_projects
-- ----------------------------
DROP TABLE IF EXISTS `bug_projects`;
CREATE TABLE `bug_projects`  (
  `prjid` varchar(32) CHARACTER SET utf8 COLLATE utf8_general_ci NOT NULL COMMENT '【项目编号】 主键，流水号',
  `prjname` text CHARACTER SET utf8 COLLATE utf8_general_ci NOT NULL COMMENT '【项目名称】',
  `prjkey` varchar(50) CHARACTER SET utf8 COLLATE utf8_general_ci NOT NULL COMMENT '【项目关键字】 唯一键',
  `summary` text CHARACTER SET utf8 COLLATE utf8_general_ci NULL COMMENT '【项目描述信息】',
  `builddate` timestamp NOT NULL DEFAULT '0000-00-00 00:00:00' COMMENT '【项目创建日期】',
  `userid` varchar(32) CHARACTER SET utf8 COLLATE utf8_general_ci NULL DEFAULT NULL COMMENT '【项目负责人】 外键，关联BUG_Users表UserID',
  PRIMARY KEY (`prjid`) USING BTREE,
  INDEX `fk_bug_projects_prjleader`(`userid`) USING BTREE,
  CONSTRAINT `fk_bug_projects_prjleader` FOREIGN KEY (`userid`) REFERENCES `bug_users` (`userid`) ON DELETE RESTRICT ON UPDATE RESTRICT
) ENGINE = InnoDB CHARACTER SET = utf8 COLLATE = utf8_general_ci COMMENT = '实训项目表' ROW_FORMAT = COMPACT;

-- ----------------------------
-- Records of bug_projects
-- ----------------------------
INSERT INTO `bug_projects` VALUES ('10', '个人博客系统', 'blog', '个人博客系统', '2016-07-25 11:16:11', '9C9F09EF62A5497A91B11D495D6B708A');
INSERT INTO `bug_projects` VALUES ('11', '软件缺陷管理系统', 'Bug', '软件缺陷管理系统', '2016-07-27 00:00:00', '9C9F09EF62A5497A91B11D495D6B708A');
INSERT INTO `bug_projects` VALUES ('63B00A8DB7CD411D849D2A33B276EF3F', '虚拟社区系统', 'bbs', '虚拟社区系统', '2016-09-13 16:10:09', '9C9F09EF62A5497A91B11D495D6B708A');
INSERT INTO `bug_projects` VALUES ('9', '网络教学平台', 'netp', '网络教学平台 课程', '2016-07-19 00:00:00', '9C9F09EF62A5497A91B11D495D6B708A');
INSERT INTO `bug_projects` VALUES ('9285E33B76B5406EB0142DFFDBB6DEE7', '客户关系管理系统', 'crm', '客户关系管理系统', '2016-08-09 11:01:59', '9C9F09EF62A5497A91B11D495D6B708A');
INSERT INTO `bug_projects` VALUES ('DB53E5A7C4C34109978F323E15B6AB1F', '网站发布系统', 'cms', '网站发布系统', '2016-09-14 08:52:04', 'CD15E4C175BD4E4687C20B867D288D6D');
INSERT INTO `bug_projects` VALUES ('E4D81C769A81436D984AE24AAAFDB2A9', '用户管理系统', 'user', '用户管理系统', '2016-07-25 00:00:00', 'F83D2BFE2F6843D2A1BE1D4E1326CA70');

-- ----------------------------
-- Table structure for bug_users
-- ----------------------------
DROP TABLE IF EXISTS `bug_users`;
CREATE TABLE `bug_users`  (
  `userid` varchar(32) CHARACTER SET utf8 COLLATE utf8_general_ci NOT NULL COMMENT '【用户ID】 主键，流水号',
  `username` varchar(50) CHARACTER SET utf8 COLLATE utf8_general_ci NOT NULL COMMENT '【用户登录名】 唯一键',
  `password` varchar(32) CHARACTER SET utf8 COLLATE utf8_general_ci NOT NULL COMMENT '【用户密码】',
  `roleid` int(1) NOT NULL COMMENT '【用户角色编号】 0:普通用户 1:管理员',
  `realname` varchar(100) CHARACTER SET utf8 COLLATE utf8_general_ci NOT NULL COMMENT '【真实姓名】',
  `email` varchar(50) CHARACTER SET utf8 COLLATE utf8_general_ci NULL DEFAULT NULL COMMENT '【邮箱】',
  `status` int(1) NOT NULL DEFAULT 1 COMMENT '【用户状态】 0删除 1未删除',
  PRIMARY KEY (`userid`) USING BTREE
) ENGINE = InnoDB CHARACTER SET = utf8 COLLATE = utf8_general_ci COMMENT = '用户信息表' ROW_FORMAT = COMPACT;

-- ----------------------------
-- Records of bug_users
-- ----------------------------
INSERT INTO `bug_users` VALUES ('1', 'admin', 'e10adc3949ba59abbe56e057f20f883e', 1, '管理员', 'admin@126.com', 1);
INSERT INTO `bug_users` VALUES ('2', 'Json03', '11', 0, 'Json', 'Json@126.com', 1);
INSERT INTO `bug_users` VALUES ('20B66A7545154B048F3161F024F3DE04', 'sanchu', 'e10adc3949ba59abbe56e057f20f883e', 0, '三楚', '', 0);
INSERT INTO `bug_users` VALUES ('3', 'LiLei1', '11', 0, 'LiLei', 'LiLei@126.com', 1);
INSERT INTO `bug_users` VALUES ('4C8C480380AA465C9A280B44A1392D47', 'likaifa', 'e10adc3949ba59abbe56e057f20f883e', 1, '李开發', '', 1);
INSERT INTO `bug_users` VALUES ('9C9F09EF62A5497A91B11D495D6B708A', 'zhangjingli', 'e10adc3949ba59abbe56e057f20f883e', 0, '张景丽', 'zhangjingli@neusoft.org', 1);
INSERT INTO `bug_users` VALUES ('C07ADD0E08E849BDBA8547F4B4623E27', 'zhangli', 'e10adc3949ba59abbe56e057f20f883e', 0, '张黎', 'zhangli@neusoft.org', 1);
INSERT INTO `bug_users` VALUES ('CD15E4C175BD4E4687C20B867D288D6D', 'lijingli', 'e10adc3949ba59abbe56e057f20f883e', 0, '李静莉', 'lijingli@neusoft.org', 1);
INSERT INTO `bug_users` VALUES ('DF7BAE8153DC4BA7A966E2439E399E6F', 'wanghan', 'e10adc3949ba59abbe56e057f20f883e', 0, '王晗', '', 1);
INSERT INTO `bug_users` VALUES ('F4E712BA706E429BB6AB3D66E956980C', 'cuser2', 'e10adc3949ba59abbe56e057f20f883e', 0, '普通用户2', '12@neu.cn', 0);
INSERT INTO `bug_users` VALUES ('F83D2BFE2F6843D2A1BE1D4E1326CA70', 'bailu1', 'e10adc3949ba59abbe56e057f20f883e', 0, '白鹭', 'bailu@neusoft.org', 1);

SET FOREIGN_KEY_CHECKS = 1;
